Year,Total revenue,Cost of sales,Gross profit,Selling and distribution expenses,Administrative expenses,Other operating expenses,Total operating expenses,Gross profit margin
2020,138955752.0,112874121.0,26081631.0,5518526.0,13143112.0,2872908.0,21534546.0,18.769738297699256
2021,127675650.0,108747058.0,18928592.0,4761037.0,12927716.0,1314409.0,19003162.0,14.825530161781044
2022,218074746.0,180430008.0,37644738.0,5732694.0,14762643.0,12456008.0,32951345.0,17.262309685322297
2023,276639907.0,227534456.0,49105451.0,8266060.0,21583579.0,9825773.0,39675412.0,17.750675068004558
2024,280772604.0,226490684.0,54281920.0,10062663.0,25172004.0,8188312.0,43422979.0,19.33305430326101
